owner,family,family,model_name,pattern_names,average_age_days,names,pipeline_tag,Lagged,library_name,model_size_million_bytes,age_group
01-ai,01-ai_YI,01-ai_YI,9,Frequent Alignment Pattern,195.4444444,Frequent Alignment,text-generation,No Lag,transformers,22721.53859,Intermediate-Families
1-800-BAD-CODE,1-800-BAD-CODE_XLM-ROBERTA,1-800-BAD-CODE_XLM-ROBERTA,1,Dispersed Alignment Pattern,68,Dispersed Alignment,text2text-generation,Upstream First,generic,34388.91725,Recent-Families
42dot,42dot_42DOT-LLM,42dot_42DOT-LLM,1,Sparse Alignment Pattern,140,Sparse Alignment,text-generation,No Lag,transformers,1439.27168,Intermediate-Families
af1tang,af1tang_PERSONALGPT,af1tang_PERSONALGPT,1,Rare Disjoing pattern,715,Rare Disjoing,text-generation,Upstream First,transformers,117,Matured-Families
ai-forever,ai-forever_gpt,ai-forever_gpt,5,Dispersed Alignment Pattern,915.2,Dispersed Alignment,"text-generation,fill-mask",No Lag,transformers,368.9817344,Matured-Families
ai-forever,ai-forever_sbert,ai-forever_sbert,1,Sporadic Disjoint Pattern,1411,Sporadic Disjoint,feature-extraction,Upstream First,transformers,13000,Matured-Families
akdeniz27,akdeniz27_bert,akdeniz27_bert,1,Dispersed Alignment Pattern,1011,Dispersed Alignment,token-classification,Downstream First,transformers,110.032647,Matured-Families
albert,albert_albert,albert_albert,4,Dispersed Alignment Pattern,1555.5,Dispersed Alignment,fill-mask,Upstream First,transformers,66.185056,Matured-Families
alisawuffles,alisawuffles_roberta,alisawuffles_roberta,1,Sporadic Disjoint Pattern,440,Sporadic Disjoint,text-classification,Downstream First,transformers,355.363333,Intermediate-Families
allenai,allenai_allenai,allenai_allenai,3,Sporadic Disjoint Pattern,511.6666667,Sporadic Disjoint,"text2text-generation,feature-extraction,token-classification",Downstream First,transformers,4984.318635,Matured-Families
allenai,allenai_OLMo,allenai_OLMo,3,Intermittent Alignment Pattern,149.3333333,Intermittent Alignment,"feature-extraction,text2text-generation,text-generation",Upstream First,transformers,6888.095744,Intermediate-Families
allenai,allenai_specter2,allenai_specter2,2,Sporadic Disjoint Pattern,363.5,Sporadic Disjoint,text2text-generation,Upstream First,transformers,6888.095744,Intermediate-Families
allenai,allenai_unifiedqa,allenai_unifiedqa,4,Dispersed Alignment Pattern,620.75,Dispersed Alignment,"text2text-generation,feature-extraction,text-generation",Upstream First,transformers,6888.095744,Matured-Families
AnnaWegmann,AnnaWegmann_Style-Embedding,AnnaWegmann_Style-Embedding,1,Rare Alignment Pattern,875,Rare Alignment,sentence-similarity,Upstream First,sentence-transformers,110,Matured-Families
apple,apple_OpenELM,apple_OpenELM,1,Sparse Alignment Pattern,86,Sparse Alignment,text-generation,No Lag,transformers,457.179136,Recent-Families
asapp,asapp_sew,asapp_sew,2,Sparse Alignment Pattern,644,Sparse Alignment,feature-extraction,Upstream First,transformers,32.411999,Matured-Families
aubmindlab,aubmindlab_bert,aubmindlab_bert,2,Dispersed Alignment Pattern,1216,Dispersed Alignment,fill-mask,No Lag,transformers,135.851266,Matured-Families
augmxnt,augmxnt_shisa,augmxnt_shisa,1,Sparse Alignment Pattern,147,Sparse Alignment,text-generation,Upstream First,transformers,7241.732096,Intermediate-Families
avichr,avichr_heBERT,avichr_heBERT,1,Dispersed Alignment Pattern,403,Dispersed Alignment,text-classification,No Lag,transformers,110,Intermediate-Families
avsolatorio,avsolatorio_GIST,avsolatorio_GIST,4,Sparse Alignment Pattern,36.25,Sparse Alignment,sentence-similarity,No Lag,sentence-transformers,125.174336,Recent-Families
BAAI,BAAI_bge,BAAI_bge,15,Frequent Alignment Pattern,155.4,Frequent Alignment,"feature-extraction,text-classification,sentence-similarity,text-generation",No Lag,"sentence-transformers,transformers",2484.99125,Intermediate-Families
Babelscape,Babelscape_rebel,Babelscape_rebel,1,Sporadic Disjoint Pattern,605,Sporadic Disjoint,text2text-generation,Downstream First,transformers,406.348896,Matured-Families
Babelscape,Babelscape_wikineural,Babelscape_wikineural,1,Dispersed Alignment Pattern,477,Dispersed Alignment,token-classification,Upstream First,transformers,177.270281,Matured-Families
baichuan-inc,baichuan-inc_Baichuan,baichuan-inc_Baichuan,2,Dispersed Alignment Pattern,190.5,Dispersed Alignment,text-generation,Downstream First,transformers,7000,Intermediate-Families
basel,basel_ATTACK-BERT,basel_ATTACK-BERT,1,Sparse Alignment Pattern,117,Sparse Alignment,sentence-similarity,No Lag,transformers,110,Intermediate-Families
batterydata,batterydata_batterybert,batterydata_batterybert,1,Sparse Alignment Pattern,3,Sparse Alignment,question-answering,Upstream First,transformers,110,Recent-Families
bayartsogt,bayartsogt_albert,bayartsogt_albert,1,Dispersed Alignment Pattern,1025,Dispersed Alignment,fill-mask,Upstream First,transformers,11.81381,Matured-Families
benjamin,benjamin_segment,benjamin_segment,4,Dispersed Alignment Pattern,173.5,Dispersed Alignment,"token-classification,text-generation",Upstream First,transformers,125,Intermediate-Families
beomi,beomi_ko,beomi_ko,7,Dispersed Alignment Pattern,197.5714286,Dispersed Alignment,"text-generation,fill-mask",Downstream First,transformers,7852.547811,Intermediate-Families
bergum,bergum_xtremedistil,bergum_xtremedistil,1,Sparse Alignment Pattern,440,Sparse Alignment,text-classification,Upstream First,transformers,22.724508,Intermediate-Families
bhadresh-savani,bhadresh-savani,bhadresh-savani,2,Dispersed Alignment Pattern,931,Dispersed Alignment,text-classification,Upstream First,transformers,88.222726,Matured-Families
bigcode,bigcode_gpt,bigcode_gpt,1,Intermittent Alignment Pattern,120,Intermittent Alignment,text-generation,Upstream First,transformers,1124.886528,Intermediate-Families
bigcode,bigcode_starcoder,bigcode_starcoder,3,Dispersed Alignment Pattern,207.3333333,Dispersed Alignment,text-generation,No Lag,transformers,7765.318996,Intermediate-Families
bigcode,bigcode_starcoder2,bigcode_starcoder2,3,Dispersed Alignment Pattern,104,Dispersed Alignment,text-generation,No Lag,transformers,178055.8595,Recent-Families
bigscience,bigscience_workshop,bigscience_workshop,11,Dense Partial Alignment Pattern,436,Dense Partial Alignment,"text-generation,text2text-generation",Upstream First,transformers,3278.837259,Intermediate-Families
blanchefort,blanchefort_rubert,blanchefort_rubert,1,Rare Disjoing pattern,815,Rare Disjoing,text-classification,Upstream First,transformers,177.856259,Matured-Families
bmd1905,bmd1905_vietnamese-correction,bmd1905_vietnamese-correction,1,Intermittent Alignment Pattern,416,Intermittent Alignment,text2text-generation,No Lag,transformers,420.425217,Intermediate-Families
BM-K,BM-K_RoBERTa,BM-K_RoBERTa,2,Sparse Alignment Pattern,239,Sparse Alignment,feature-extraction,Upstream First,transformers,110.618626,Intermediate-Families
bvanaken,bvanaken_clinical-assertion,bvanaken_clinical-assertion,1,Sparse Alignment Pattern,254,Sparse Alignment,text-classification,Upstream First,transformers,110,Intermediate-Families
cahya,cahya_bert,cahya_bert,2,Dispersed Alignment Pattern,739,Dispersed Alignment,"fill-mask,token-classification",Upstream First,transformers,552,Matured-Families
cais,cais_HarmBench,cais_HarmBench,1,Rare Alignment Pattern,43,Rare Alignment,text-generation,No Lag,transformers,13015.86432,Recent-Families
cambridgeltl,cambridgeltl_SapBERT,cambridgeltl_SapBERT,2,Dispersed Alignment Pattern,910.5,Dispersed Alignment,feature-extraction,Downstream First,transformers,193.763457,Matured-Families
CAMeL-Lab,CAMeL-Lab_bert,CAMeL-Lab_bert,5,Sporadic Disjoint Pattern,48.6,Sporadic Disjoint,"token-classification,text-classification,fill-mask",Downstream First,transformers,110,Recent-Families
cardiffnlp,cardiffnlp_tweeteval,cardiffnlp_tweeteval,10,Dispersed Alignment Pattern,628.2,Dispersed Alignment,"text-classification,fill-mask",Upstream First,transformers,191,Matured-Families
cardiffnlp,cardiffnlp_tweetnlp,cardiffnlp_tweetnlp,2,Dispersed Alignment Pattern,430,Dispersed Alignment,text-classification,Upstream First,transformers,125,Intermediate-Families
castorini,castorini_msmarco,castorini_msmarco,2,Sporadic Disjoint Pattern,307,Sporadic Disjoint,"text2text-generation,feature-extraction",Downstream First,transformers,0,Intermediate-Families
ckiplab,ckiplab_chinese-model,ckiplab_chinese-model,4,Dispersed Alignment Pattern,535,Dispersed Alignment,token-classification,Upstream First,transformers,0,Matured-Families
CohereForAI,CohereForAI_aya,CohereForAI_aya,4,Dispersed Alignment Pattern,138.5,Dispersed Alignment,"text-generation,text2text-generation",Downstream First,transformers,39935.14906,Intermediate-Families
cointegrated,cointegrated_rubert,cointegrated_rubert,1,Sporadic Disjoint Pattern,716,Sporadic Disjoint,sentence-similarity,Upstream First,sentence-transformers,29.37855,Matured-Families
colorfulscoop,colorfulscoop_sbert,colorfulscoop_sbert,1,Rare Alignment Pattern,7,Rare Alignment,sentence-similarity,Upstream First,sentence-transformers,0,Recent-Families
cross-encoder,cross-encoder_embedding,cross-encoder_embedding,16,Dispersed Alignment Pattern,144.3125,Dispersed Alignment,"zero-shot-classification,text-classification",Downstream First,transformers,0,Intermediate-Families
csarron,csarron_mobilebert,csarron_mobilebert,1,Sporadic Disjoint Pattern,1090,Sporadic Disjoint,question-answering,Upstream First,transformers,24.582914,Matured-Families
csebuetnlp,csebuetnlp_banglat5,csebuetnlp_banglat5,1,Rare Disjoing pattern,240,Rare Disjoing,translation,Upstream First,transformers,0,Intermediate-Families
dandelin,dandelin_vilt,dandelin_vilt,1,Rare Disjoing pattern,196,Rare Disjoing,fill-mask,Upstream First,transformers,3200,Intermediate-Families
databricks,databricks_dbrx,databricks_dbrx,2,Sparse Alignment Pattern,50.5,Sparse Alignment,text-generation,Downstream First,transformers,67298.26175,Recent-Families
davebulaval,davebulaval_MeaningBERT,davebulaval_MeaningBERT,1,Rare Alignment Pattern,131,Rare Alignment,text-classification,No Lag,transformers,109.483009,Intermediate-Families
Davlan,Davlan_multilingual,Davlan_multilingual,2,Sporadic Disjoint Pattern,946.5,Sporadic Disjoint,token-classification,Downstream First,transformers,67.3705005,Matured-Families
dbmdz,dbmdz_bert,dbmdz_bert,6,Dispersed Alignment Pattern,1166.166667,Dispersed Alignment,"token-classification,fill-mask,text-generation",Upstream First,transformers,133.8403598,Matured-Families
dccuchile,dccuchile_bert,dccuchile_bert,2,Sporadic Disjoint Pattern,1486,Sporadic Disjoint,fill-mask,Upstream First,transformers,0,Matured-Families
DeepPavlov,DeepPavlov_rubert,DeepPavlov_rubert,1,Intermittent Alignment Pattern,628,Intermittent Alignment,feature-extraction,Upstream First,transformers,0,Matured-Families
deepseek-ai,deepseek-ai_deepseek,deepseek-ai_deepseek,9,Dispersed Alignment Pattern,81,Dispersed Alignment,text-generation,No Lag,transformers,12492.2589,Recent-Families
deepset,deepset_haystack,deepset_haystack,9,Intermittent Alignment Pattern,1325.111111,Intermittent Alignment,"question-answering,fill-mask",Upstream First,transformers,197.3418127,Matured-Families
defog,defog_sqlcoder,defog_sqlcoder,1,Rare Alignment Pattern,6,Rare Alignment,text-generation,Upstream First,transformers,8030.261248,Recent-Families
defog,defog_sql-eval,defog_sql-eval,1,Rare Alignment Pattern,75,Rare Alignment,text-generation,Upstream First,transformers,6738.546688,Recent-Families
distilbert,distilbert_distilbert,distilbert_distilbert,9,Intermittent Alignment Pattern,1603,Intermittent Alignment,"fill-mask,text-classification,text-generation,question-answering",Upstream First,transformers,78.35017489,Matured-Families
DMetaSoul,DMetaSoul_Dmeta,DMetaSoul_Dmeta,1,Dispersed Alignment Pattern,74,Dispersed Alignment,feature-extraction,Downstream First,sentence-transformers,0,Recent-Families
dmis-lab,dmis-lab_biobert,dmis-lab_biobert,2,Sparse Alignment Pattern,161.5,Sparse Alignment,"feature-extraction,fill-mask",Upstream First,transformers,0,Intermediate-Families
Dongjin-kr,Dongjin-kr_ko-reranker,Dongjin-kr_ko-reranker,1,Intermittent Alignment Pattern,137,Intermittent Alignment,text-classification,Upstream First,transformers,559.891457,Intermediate-Families
dslim,dslim_bert,dslim_bert,3,Sporadic Disjoint Pattern,1349.333333,Sporadic Disjoint,token-classification,Downstream First,transformers,183.798281,Matured-Families
dwzhu,dwzhu_e5,dwzhu_e5,1,Sparse Alignment Pattern,46,Sparse Alignment,sentence-similarity,Downstream First,transformers,0,Recent-Families
edumunozsala,edumunozsala_roberta,edumunozsala_roberta,1,Rare Disjoing pattern,452,Rare Disjoing,text-classification,Upstream First,transformers,124.64538,Matured-Families
Efficient-Large-Model,Efficient-Large-Model_VILA,Efficient-Large-Model_VILA,5,Dispersed Alignment Pattern,84.8,Dispersed Alignment,text-generation,Downstream First,transformers,20800,Recent-Families
ehsanaghaei,ehsanaghaei_SecureBERT,ehsanaghaei_SecureBERT,1,Dispersed Alignment Pattern,439,Dispersed Alignment,fill-mask,No Lag,transformers,0,Intermediate-Families
elastic,elastic_distilbert,elastic_distilbert,1,Sporadic Disjoint Pattern,799,Sporadic Disjoint,token-classification,Downstream First,transformers,65.197833,Matured-Families
EleutherAI,EleutherAI_gpt,EleutherAI_gpt,1,Intermittent Alignment Pattern,685,Intermittent Alignment,text-generation,Upstream First,transformers,150.364416,Matured-Families
EleutherAI,EleutherAI_llemma,EleutherAI_llemma,1,Sparse Alignment Pattern,159,Sparse Alignment,text-generation,Downstream First,transformers,6000,Intermediate-Families
EleutherAI,EleutherAI_neox,EleutherAI_neox,4,Frequent Alignment Pattern,890.5,Frequent Alignment,text-generation,Upstream First,transformers,7955.860355,Matured-Families
EleutherAI,EleutherAI_polyglot,EleutherAI_polyglot,2,Dispersed Alignment Pattern,260.5,Dispersed Alignment,text-generation,Upstream First,transformers,3717.487424,Intermediate-Families
EleutherAI,EleutherAI_pythia,EleutherAI_pythia,16,Dispersed Alignment Pattern,126.6875,Dispersed Alignment,text-generation,Upstream First,transformers,1739.690626,Intermediate-Families
Elron,Elron_bleurt,Elron_bleurt,2,Rare Disjoing pattern,210,Rare Disjoing,text-classification,Downstream First,transformers,320,Intermediate-Families
EmbeddedLLM,EmbeddedLLM_bge,EmbeddedLLM_bge,1,Rare Disjoing pattern,0,Rare Disjoing,sentence-similarity,Downstream First,transformers,0,Recent-Families
EmergentMethods,EmergentMethods_gliner,EmergentMethods_gliner,1,Sparse Alignment Pattern,61,Sparse Alignment,token-classification,Upstream First,gliner,0,Recent-Families
emilyalsentzer,emilyalsentzer_Bio_ClinicalBERT,emilyalsentzer_Bio_ClinicalBERT,1,Dispersed Alignment Pattern,1127,Dispersed Alignment,fill-mask,Upstream First,transformers,0,Matured-Families
emrecan,emrecan_bert,emrecan_bert,1,Rare Alignment Pattern,0,Rare Alignment,sentence-similarity,Upstream First,sentence-transformers,0,Recent-Families
eugenesiow,eugenesiow_bart-paraphrase,eugenesiow_bart-paraphrase,1,Rare Disjoing pattern,560,Rare Disjoing,text2text-generation,Downstream First,transformers,406.341721,Matured-Families
facebook,facebook_bart,facebook_bart,4,Sporadic Disjoint Pattern,1119.5,Sporadic Disjoint,"summarization,zero-shot-classification,feature-extraction",Downstream First,transformers,136.427712,Matured-Families
facebook,facebook_blenderbot,facebook_blenderbot,2,Dispersed Alignment Pattern,1125,Dispersed Alignment,text2text-generation,Upstream First,transformers,203.6720665,Matured-Families
facebook,facebook_contriever,facebook_contriever,1,Rare Disjoing pattern,157,Rare Disjoing,feature-extraction,Downstream First,transformers,0,Intermediate-Families
facebook,facebook_dpr,facebook_dpr,2,Dispersed Alignment Pattern,853.5,Dispersed Alignment,feature-extraction,Upstream First,transformers,0,Matured-Families
facebook,facebook_dragon,facebook_dragon,1,Rare Disjoing pattern,2,Rare Disjoing,feature-extraction,Downstream First,transformers,124.647684,Recent-Families
facebook,facebook_encodec,facebook_encodec,2,Rare Disjoing pattern,61.5,Rare Disjoing,feature-extraction,Upstream First,transformers,41.13162,Recent-Families
facebook,facebook_esm2,facebook_esm2,5,Intermittent Alignment Pattern,149.8,Intermittent Alignment,fill-mask,Upstream First,transformers,168.5987656,Intermediate-Families
facebook,facebook_fasttext,facebook_fasttext,1,Sparse Alignment Pattern,94,Sparse Alignment,text-classification,Upstream First,fasttext,291.094528,Recent-Families
facebook,facebook_galactica,facebook_galactica,1,Dispersed Alignment Pattern,223,Dispersed Alignment,text-generation,Downstream First,transformers,0,Intermediate-Families
facebook,facebook_hubert,facebook_hubert,1,Sporadic Disjoint Pattern,162,Sporadic Disjoint,feature-extraction,Downstream First,transformers,418,Intermediate-Families
facebook,facebook_mbart,facebook_mbart,6,Dispersed Alignment Pattern,726.5,Dispersed Alignment,"translation,text2text-generation,feature-extraction",Downstream First,transformers,848.603777,Matured-Families
facebook,facebook_nllb,facebook_nllb,4,Dispersed Alignment Pattern,310,Dispersed Alignment,translation,No Lag,transformers,150.0076,Intermediate-Families
facebook,facebook_opt,facebook_opt,8,Dispersed Alignment Pattern,369.5,Dispersed Alignment,text-generation,No Lag,transformers,16850,Intermediate-Families
facebook,facebook_roberta,facebook_roberta,1,Rare Disjoing pattern,278,Rare Disjoing,text-classification,Upstream First,transformers,600,Intermediate-Families
facebook,facebook_wmt19,facebook_wmt19,1,Sporadic Disjoint Pattern,912,Sporadic Disjoint,translation,Upstream First,transformers,1300,Matured-Families
facebook,facebook_xlm,facebook_xlm,3,Sporadic Disjoint Pattern,525.6666667,Sporadic Disjoint,"text-generation,fill-mask",Upstream First,transformers,2254.666667,Matured-Families
Falconsai,Falconsai_intent-classification,Falconsai_intent-classification,1,Rare Disjoing pattern,50,Rare Disjoing,text-classification,Downstream First,transformers,66.965007,Recent-Families
finiteautomata,finiteautomata_sentiment,finiteautomata_sentiment,3,Dispersed Alignment Pattern,729,Dispersed Alignment,text-classification,No Lag,transformers,44.96849367,Matured-Families
flair,flair_ner,flair_ner,12,Intermittent Alignment Pattern,667.1666667,Intermittent Alignment,token-classification,Upstream First,flair,0,Matured-Families
fxmarty,fxmarty_tinymodel,fxmarty_tinymodel,10,Sporadic Disjoint Pattern,53.3,Sporadic Disjoint,"text-generation,feature-extraction,text2text-generation",Downstream First,transformers,0.9411304,Recent-Families
google,google_bigbird,google_bigbird,1,Sporadic Disjoint Pattern,630,Sporadic Disjoint,summarization,Upstream First,transformers,0,Matured-Families
google,google_byt5,google_byt5,4,Dispersed Alignment Pattern,602,Dispersed Alignment,text2text-generation,No Lag,transformers,0,Matured-Families
google,google_canine,google_canine,2,Dispersed Alignment Pattern,1033,Dispersed Alignment,feature-extraction,Upstream First,transformers,1253.086208,Matured-Families
google,google_flan,google_flan,14,Dispersed Alignment Pattern,497,Dispersed Alignment,text2text-generation,Downstream First,transformers,2934.512558,Matured-Families
google,google_gemma,google_gemma,8,Frequent Alignment Pattern,165.75,Frequent Alignment,"text-generation,text2text-generation",Upstream First,transformers,329.783968,Intermediate-Families
google,google_multilingual,google_multilingual,6,Dispersed Alignment Pattern,703.6666667,Dispersed Alignment,"text2text-generation,translation",Upstream First,transformers,490.062336,Matured-Families
google,google_pegasus,google_pegasus,3,Dispersed Alignment Pattern,898,Dispersed Alignment,summarization,Upstream First,transformers,659.504896,Matured-Families
google,google_reformer,google_reformer,1,Dispersed Alignment Pattern,1398,Dispersed Alignment,text-generation,Downstream First,transformers,0,Matured-Families
google,google_switch,google_switch,3,Sporadic Disjoint Pattern,183.6666667,Sporadic Disjoint,text2text-generation,Downstream First,transformers,0,Intermediate-Families
google-t5,google_t5transformer,google_t5transformer,5,Dispersed Alignment Pattern,1331,Dispersed Alignment,translation,Upstream First,transformers,2974.535757,Matured-Families
google,google_tapas,google_tapas,3,Sporadic Disjoint Pattern,638,Sporadic Disjoint,table-question-answering,Upstream First,transformers,3755.64288,Matured-Families
google-bert,google-bert_bert,google-bert_bert,13,Dispersed Alignment Pattern,1811.230769,Dispersed Alignment,"fill-mask,question-answering",Upstream First,transformers,205.6117778,Matured-Families
gradientai,gradientai_Llama,gradientai_Llama,2,Rare Alignment Pattern,184.5,Rare Alignment,text-generation,Upstream First,transformers,8030.261248,Intermediate-Families
grammarly,grammarly_coedit,grammarly_coedit,1,Dispersed Alignment Pattern,352,Dispersed Alignment,text2text-generation,Downstream First,transformers,783.092736,Intermediate-Families
GroNLP,GroNLP_bert,GroNLP_bert,1,Dispersed Alignment Pattern,1007,Dispersed Alignment,fill-mask,Upstream First,transformers,109.169529,Matured-Families
GroNLP,GroNLP_gpt,GroNLP_gpt,1,Sparse Alignment Pattern,1004,Sparse Alignment,text-generation,No Lag,transformers,129.145344,Matured-Families
Gryphe,Gryphe_MythoMax,Gryphe_MythoMax,1,Dispersed Alignment Pattern,254,Dispersed Alignment,text-generation,No Lag,transformers,13000,Intermediate-Families
gsarti,gsarti_biobert,gsarti_biobert,1,Dispersed Alignment Pattern,420,Dispersed Alignment,feature-extraction,No Lag,transformers,0,Intermediate-Families
h2oai,h2oai_h2o,h2oai_h2o,1,Rare Alignment Pattern,16,Rare Alignment,text-generation,Upstream First,transformers,9000,Recent-Families
h2oai,h2oai_h2ogpt,h2oai_h2ogpt,2,Intermittent Alignment Pattern,30,Intermittent Alignment,text-generation,Upstream First,transformers,7423.53408,Recent-Families
Hate-speech-CNERG,Hate-speech-CNERG_Xplain,Hate-speech-CNERG_Xplain,3,Dispersed Alignment Pattern,158,Dispersed Alignment,text-classification,Upstream First,transformers,79.18609133,Intermediate-Families
hatmimoha,hatmimoha_arabic,hatmimoha_arabic,1,Dispersed Alignment Pattern,1123,Dispersed Alignment,token-classification,No Lag,transformers,110.041875,Matured-Families
Hello-SimpleAI,Hello-SimpleAI_chatgpt,Hello-SimpleAI_chatgpt,1,Rare Alignment Pattern,0,Rare Alignment,text-classification,No Lag,transformers,0,Recent-Families
Helsinki-NLP,Helsinki-NLP_challenge,Helsinki-NLP_challenge,5,Dispersed Alignment Pattern,497,Dispersed Alignment,translation,Upstream First,transformers,0,Matured-Families
Helsinki-NLP,Helsinki-NLP_opus,Helsinki-NLP_opus,40,Dispersed Alignment Pattern,1186.55,Dispersed Alignment,translation,Upstream First,transformers,19.53034953,Matured-Families
Helsinki-NLP,Helsinki-NLP_romance,Helsinki-NLP_romance,1,Dispersed Alignment Pattern,1190,Dispersed Alignment,translation,Upstream First,transformers,0,Matured-Families
hfl,hfl_chinese-model,hfl_chinese-model,5,Dispersed Alignment Pattern,478.6,Dispersed Alignment,"fill-mask,text-generation",Upstream First,transformers,0,Matured-Families
hkunlp,hkunlp_instructor,hkunlp_instructor,3,Rare Alignment Pattern,62,Rare Alignment,sentence-similarity,No Lag,sentence-transformers,0,Recent-Families
HooshvareLab,HooshvareLab_bert,HooshvareLab_bert,1,Sparse Alignment Pattern,253,Sparse Alignment,fill-mask,Upstream First,transformers,0,Intermediate-Families
HooshvareLab,HooshvareLab_parsbert,HooshvareLab_parsbert,1,Dispersed Alignment Pattern,354,Dispersed Alignment,token-classification,No Lag,transformers,0,Intermediate-Families
HuggingFaceFW,HuggingFaceFW_fineweb,HuggingFaceFW_fineweb,1,Sparse Alignment Pattern,195,Sparse Alignment,text-classification,Upstream First,transformers,109.483009,Intermediate-Families
HuggingFaceH4,HuggingFaceH4_alignment,HuggingFaceH4_alignment,4,Dispersed Alignment Pattern,245,Dispersed Alignment,text-generation,Downstream First,transformers,5370.866048,Intermediate-Families
HuggingFaceM4,HuggingFaceM4_idefics,ibm-granite_granite,1,Dispersed Alignment Pattern,80,Dispersed Alignment,text-generation,No Lag,transformers,0,Recent-Families
ibm-granite,ibm-granite_granite,IDEA-CCNL_Erlangshen,3,Dispersed Alignment Pattern,129.3333333,Dispersed Alignment,text-generation,No Lag,transformers,5006.639445,Intermediate-Families
IDEA-CCNL,IDEA-CCNL_Erlangshen,ielab_TILDE,1,Dispersed Alignment Pattern,400,Dispersed Alignment,text-classification,Upstream First,transformers,325.524994,Intermediate-Families
ielab,ielab_TILDE,indobenchmark_indobert,1,Sparse Alignment Pattern,9,Sparse Alignment,text-generation,Upstream First,transformers,0,Recent-Families
indobenchmark,indobenchmark_indobert,indolem_indobert,2,Sporadic Disjoint Pattern,247,Sporadic Disjoint,feature-extraction,Downstream First,transformers,0,Intermediate-Families
indolem,indolem_indobert,Intel_distilbert,2,Dispersed Alignment Pattern,500.5,Dispersed Alignment,fill-mask,Downstream First,transformers,0,Matured-Families
Intel,Intel_distilbert,internlm_internlm2,2,Intermittent Alignment Pattern,396,Intermittent Alignment,"text-generation,text-classification",Upstream First,transformers,3500,Intermediate-Families
internlm,internlm_internlm2,intfloat_multilingual,9,Dispersed Alignment Pattern,192.6666667,Dispersed Alignment,text-generation,Upstream First,transformers,8802.852978,Intermediate-Families
intfloat,intfloat_multilingual,ise-uiuc_Magicoder,4,Sporadic Disjoint Pattern,281,Sporadic Disjoint,"feature-extraction,sentence-similarity",Upstream First,sentence-transformers,2029.021824,Intermediate-Families
ise-uiuc,ise-uiuc_Magicoder,ivanlau_language-detection,1,Sparse Alignment Pattern,93,Sparse Alignment,text-generation,Upstream First,transformers,6740.512768,Recent-Families
ivanlau,ivanlau_language-detection,JackFram_llama,1,Sparse Alignment Pattern,23,Sparse Alignment,text-classification,Downstream First,transformers,0,Recent-Families
JackFram,JackFram_llama,jackhhao_jailbreak,2,Dense Partial Alignment Pattern,265.5,Dense Partial Alignment,text-generation,Upstream First,transformers,115.208896,Intermediate-Families
jackhhao,jackhhao_jailbreak,j-hartmann_emotion,1,Sparse Alignment Pattern,187,Sparse Alignment,text-classification,No Lag,transformers,0,Intermediate-Families
j-hartmann,j-hartmann_emotion,jhgan_ko-model,1,Dispersed Alignment Pattern,566,Dispersed Alignment,text-classification,Upstream First,transformers,0,Matured-Families
jhgan,jhgan_ko-model,jinaai_jina,3,Dispersed Alignment Pattern,211.6666667,Dispersed Alignment,sentence-similarity,No Lag,sentence-transformers,0,Intermediate-Families
jinaai,jinaai_jina,jinmang2_kpfbert,7,Sporadic Disjoint Pattern,203.2857143,Sporadic Disjoint,feature-extraction,Upstream First,"sentence-transformers,transformers",148.0112274,Intermediate-Families
jinmang2,jinmang2_kpfbert,KB_bert,1,Sparse Alignment Pattern,648,Sparse Alignment,feature-extraction,Upstream First,transformers,113.437184,Matured-Families
KB,KB_bert,klue_bert,2,Rare Disjoing pattern,0,Rare Disjoing,"token-classification,fill-mask",Upstream First,transformers,0,Recent-Families
klue,klue_bert,KoichiYasuoka_bert,1,Dispersed Alignment Pattern,747,Dispersed Alignment,fill-mask,Upstream First,transformers,111.243522,Matured-Families
KoichiYasuoka,KoichiYasuoka_bert,kuelumbus_polyBERT,2,Dispersed Alignment Pattern,1086,Dispersed Alignment,token-classification,Downstream First,transformers,0,Matured-Families
kuelumbus,kuelumbus_polyBERT,ku-nlp_deberta,1,Intermittent Alignment Pattern,306,Intermittent Alignment,sentence-similarity,No Lag,sentence-transformers,0,Intermediate-Families
ku-nlp,ku-nlp_deberta,l3cube-pune_marathiNLP,1,Dispersed Alignment Pattern,127,Dispersed Alignment,fill-mask,Upstream First,transformers,137.031168,Intermediate-Families
l3cube-pune,l3cube-pune_marathiNLP,laion_clap,2,Dispersed Alignment Pattern,221.5,Dispersed Alignment,"fill-mask,sentence-similarity",Upstream First,"transformers,sentence-transformers",118.8777785,Intermediate-Families
laion,laion_clap,Langboat_Mengzi3,4,Rare Alignment Pattern,33.5,Rare Alignment,feature-extraction,Upstream First,transformers,0,Recent-Families
Langboat,Langboat_Mengzi3,LanguageBind_LLaVA,1,Rare Alignment Pattern,27,Rare Alignment,text-generation,No Lag,transformers,13966.0544,Recent-Families
LanguageBind,LanguageBind_LLaVA,LanguageBind_Video-LLaVA,3,Rare Alignment Pattern,8.333333333,Rare Alignment,text-generation,Upstream First,transformers,3536.601941,Recent-Families
LanguageBind,LanguageBind_Video-LLaVA,llm-blender_PairRM,1,Dispersed Alignment Pattern,144,Dispersed Alignment,text-generation,Upstream First,transformers,7466.764288,Intermediate-Families
llm-blender,llm-blender_PairRM,llm-book_bert,1,Intermittent Alignment Pattern,77,Intermittent Alignment,text-generation,Upstream First,transformers,436.014081,Recent-Families
llm-book,llm-book_bert,lmms-lab_LLaVA,1,Dispersed Alignment Pattern,58,Dispersed Alignment,token-classification,Downstream First,transformers,0,Recent-Families
lmms-lab,lmms-lab_LLaVA,lmstudio-community_aya,4,Intermittent Alignment Pattern,81.25,Intermittent Alignment,text-generation,Upstream First,transformers,5859.659776,Recent-Families
lmstudio-community,lmstudio-community_aya,lmsys_fastchat,4,Sparse Alignment Pattern,14,Sparse Alignment,text-generation,Upstream First,"nan,transformers",28250,Recent-Families
lmsys,lmsys_fastchat,lmsys_vicuna,1,Rare Alignment Pattern,62,Rare Alignment,text2text-generation,Upstream First,transformers,3000,Recent-Families
lmsys,lmsys_vicuna,lordtt13_mobilebert,6,Sparse Alignment Pattern,113.1666667,Sparse Alignment,text-generation,No Lag,transformers,13333.33333,Recent-Families
lordtt13,lordtt13_mobilebert,lucadiliello_BLEURT,1,Sparse Alignment Pattern,1079,Sparse Alignment,text-classification,Upstream First,transformers,21.197828,Matured-Families
lucadiliello,lucadiliello_BLEURT,LumiOpen_Poro,3,Rare Alignment Pattern,0,Rare Alignment,text-classification,No Lag,transformers,170.6666667,Recent-Families
LumiOpen,LumiOpen_Poro,lxyuan_distilbert,1,Dispersed Alignment Pattern,185,Dispersed Alignment,text-generation,Downstream First,transformers,34216.94976,Intermediate-Families
lxyuan,lxyuan_distilbert,m3hrdadfi_typo-detector,1,Rare Alignment Pattern,49,Rare Alignment,text-classification,Upstream First,transformers,135.326979,Recent-Families
m3hrdadfi,m3hrdadfi_typo-detector,m3rg-iitd_matscibert,1,Rare Disjoing pattern,0,Rare Disjoing,token-classification,Upstream First,transformers,0,Recent-Families
m3rg-iitd,m3rg-iitd_matscibert,maidalun1020_bce-embedding,1,Dispersed Alignment Pattern,984,Dispersed Alignment,fill-mask,Upstream First,transformers,109.951602,Matured-Families
maidalun1020,maidalun1020_bce-embedding,malteos_scincl,1,Frequent Alignment Pattern,314,Frequent Alignment,feature-extraction,Upstream First,sentence-transformers,0,Intermediate-Families
malteos,malteos_scincl,m-a-p_OpenCodeInterpreter,1,Dispersed Alignment Pattern,837,Dispersed Alignment,feature-extraction,No Lag,sentence-transformers,109.918976,Matured-Families
m-a-p,m-a-p_OpenCodeInterpreter,MaziyarPanahi_WizardLM,2,Rare Alignment Pattern,13,Rare Alignment,text-generation,No Lag,transformers,6870.256384,Recent-Families
MaziyarPanahi,MaziyarPanahi_WizardLM,MBZUAI_LaMini,1,Sparse Alignment Pattern,2,Sparse Alignment,text-generation,Upstream First,transformers,70000,Recent-Families
MBZUAI,MBZUAI_LaMini,McGill-NLP_LLM2Vec,1,Rare Alignment Pattern,11,Rare Alignment,text2text-generation,No Lag,transformers,783,Recent-Families
McGill-NLP,McGill-NLP_LLM2Vec,medicalai_ClinicalBERT,2,Rare Alignment Pattern,34,Rare Alignment,sentence-similarity,No Lag,transformers,7500,Recent-Families
medicalai,medicalai_ClinicalBERT,meta-llama_CodeLlama,1,Rare Alignment Pattern,179,Rare Alignment,fill-mask,No Lag,transformers,0,Intermediate-Families
meta-llama,meta-llama_CodeLlama,meta-llama_Llama,2,Rare Disjoing pattern,0,Rare Disjoing,text-generation,Upstream First,transformers,6738.546688,Recent-Families
meta-llama,meta-llama_Llama,michaelfeil_bge,11,Dispersed Alignment Pattern,210.5454545,Dispersed Alignment,text-generation,Upstream First,transformers,31150.91568,Intermediate-Families
michaelfeil,michaelfeil_bge,microsoft_BiomedNLP,1,Rare Alignment Pattern,6,Rare Alignment,feature-extraction,Upstream First,sentence-transformers,33.360512,Recent-Families
microsoft,microsoft_BiomedNLP,microsoft_BiomedVLP,2,Sporadic Disjoint Pattern,1187,Sporadic Disjoint,fill-mask,Downstream First,transformers,0,Matured-Families
microsoft,microsoft_BiomedVLP,microsoft_codebert,1,Sparse Alignment Pattern,852,Sparse Alignment,fill-mask,Upstream First,transformers,0,Matured-Families
microsoft,microsoft_codebert,microsoft_deberta,3,Dispersed Alignment Pattern,695.6666667,Dispersed Alignment,"feature-extraction,fill-mask",Upstream First,transformers,0,Matured-Families
microsoft,microsoft_deberta,microsoft_DialoGPT,11,Dispersed Alignment Pattern,542.8181818,Dispersed Alignment,"fill-mask,text-classification",Upstream First,transformers,252.6985309,Matured-Families
microsoft,microsoft_DialoGPT,microsoft_infoxlm,3,Dispersed Alignment Pattern,1450,Dispersed Alignment,text-generation,Upstream First,transformers,0,Matured-Families
microsoft,microsoft_infoxlm,microsoft_llmlingua,1,Rare Alignment Pattern,0,Rare Alignment,fill-mask,Upstream First,transformers,0,Recent-Families
microsoft,microsoft_llmlingua,microsoft_Multilingual,1,Rare Alignment Pattern,17,Rare Alignment,token-classification,Upstream First,transformers,175.620096,Recent-Families
microsoft,microsoft_Multilingual,microsoft_Orca,1,Dispersed Alignment Pattern,781,Dispersed Alignment,text-classification,Upstream First,transformers,0,Matured-Families
microsoft,microsoft_Orca,microsoft_phi-1,1,Rare Disjoing pattern,1,Rare Disjoing,text-generation,Upstream First,transformers,558.945282,Recent-Families
microsoft,microsoft_phi-1,microsoft_phi-2,2,Dispersed Alignment Pattern,232,Dispersed Alignment,text-generation,Upstream First,transformers,1910.539776,Intermediate-Families
microsoft,microsoft_phi-2,microsoft_Phi-3,1,Sporadic Disjoint Pattern,137,Sporadic Disjoint,text-generation,Downstream First,transformers,3821.079552,Intermediate-Families
microsoft,microsoft_Phi-3,microsoft_unixcoder,8,Dispersed Alignment Pattern,113.375,Dispersed Alignment,text-generation,Downstream First,"transformers,nan",6211.023232,Recent-Families
microsoft,microsoft_unixcoder,microsoft_wavlm,1,Sparse Alignment Pattern,860,Sparse Alignment,feature-extraction,Upstream First,transformers,0,Matured-Families
microsoft,microsoft_wavlm,MilaNLProc_feel-it,3,Sparse Alignment Pattern,27,Sparse Alignment,feature-extraction,Upstream First,transformers,0,Recent-Families
MilaNLProc,MilaNLProc_feel-it,mistralai_codestral,3,Dispersed Alignment Pattern,467,Dispersed Alignment,text-classification,Downstream First,transformers,0,Matured-Families
mistralai,mistralai_codestral,mistralai_finetune,1,Rare Alignment Pattern,62,Rare Alignment,text-generation,Upstream First,transformers,22247.28269,Recent-Families
mistralai,mistralai_finetune,mistralai_Mistral-inference,4,Dispersed Alignment Pattern,191.5,Dispersed Alignment,text-generation,Downstream First,transformers,73935.11526,Intermediate-Families
mistralai,mistralai_Mistral-inference,mixedbread-ai_mxbai,5,Dense Partial Alignment Pattern,226.2,Dense Partial Alignment,text-generation,No Lag,transformers,23027.41463,Intermediate-Families
mixedbread-ai,mixedbread-ai_mxbai,mlabonne_NeuralDaredevil,4,Dispersed Alignment Pattern,170.25,Dispersed Alignment,"feature-extraction,text-classification",Downstream First,"sentence-transformers,transformers",256.3644808,Intermediate-Families
mlabonne,mlabonne_NeuralDaredevil,mlabonne_NeuralMonarch,1,Dispersed Alignment Pattern,181,Dispersed Alignment,text-generation,Upstream First,transformers,7241.732096,Intermediate-Families
mlabonne,mlabonne_NeuralMonarch,MLP-KTLim_Bllossom,1,Sparse Alignment Pattern,19,Sparse Alignment,text-generation,Upstream First,transformers,7241.732096,Recent-Families
MLP-KTLim,MLP-KTLim_Bllossom,MoritzLaurer_DeBERTa,1,Dispersed Alignment Pattern,108,Dispersed Alignment,text-generation,No Lag,transformers,8030.261248,Recent-Families
MoritzLaurer,MoritzLaurer_DeBERTa,mosaicml_mpt,10,Dispersed Alignment Pattern,492.5,Dispersed Alignment,zero-shot-classification,Downstream First,transformers,259.3917724,Matured-Families
mosaicml,mosaicml_mpt,mrm8488_distilroberta,1,Dense Partial Alignment Pattern,305,Dense Partial Alignment,text-generation,Upstream First,transformers,7000,Intermediate-Families
mrm8488,mrm8488_distilroberta,mtgv_MobileVLM,1,Rare Disjoing pattern,856,Rare Disjoing,text-classification,Upstream First,transformers,82.121221,Matured-Families
mtgv,mtgv_MobileVLM,Muennighoff_SGPT,1,Rare Alignment Pattern,1,Rare Alignment,text-generation,Upstream First,transformers,1000,Recent-Families
Muennighoff,Muennighoff_SGPT,nateraw_bert,1,Dispersed Alignment Pattern,414,Dispersed Alignment,sentence-similarity,No Lag,sentence-transformers,125,Intermediate-Families
nateraw,nateraw_bert,naver_efficient,1,Rare Disjoing pattern,210,Rare Disjoing,text-classification,Downstream First,transformers,0,Intermediate-Families
naver,naver_efficient,naver-clova-ocr_bros,4,Rare Alignment Pattern,2,Rare Alignment,fill-mask,Upstream First,transformers,0,Recent-Families
naver-clova-ocr,naver-clova-ocr_bros,nbroad_ESG-BERT,1,Sparse Alignment Pattern,90,Sparse Alignment,feature-extraction,Downstream First,transformers,0,Recent-Families
nbroad,nbroad_ESG-BERT,neulab_codebert,1,Sporadic Disjoint Pattern,495,Sporadic Disjoint,text-classification,Upstream First,transformers,109.502746,Matured-Families
neulab,neulab_codebert,neuralmagic_bge,4,Rare Alignment Pattern,155,Rare Alignment,fill-mask,Upstream First,transformers,0,Intermediate-Families
neuralmagic,neuralmagic_bge,neuralmagic_TinyLlama,3,Intermittent Alignment Pattern,42.66666667,Intermittent Alignment,feature-extraction,Upstream First,transformers,0,Recent-Families
neuralmagic,neuralmagic_TinyLlama,neuralmind_bert,1,Rare Alignment Pattern,0,Rare Alignment,text-generation,Upstream First,transformers,260.238336,Recent-Families
neuralmind,neuralmind_bert,Nexusflow_NexusRaven,2,Dispersed Alignment Pattern,687.5,Dispersed Alignment,fill-mask,No Lag,transformers,0,Matured-Families
Nexusflow,Nexusflow_NexusRaven,nghuyong_ernie,1,Sporadic Disjoint Pattern,170,Sporadic Disjoint,text-generation,Upstream First,transformers,0,Intermediate-Families
nghuyong,nghuyong_ernie,nickprock_sentence-bert,1,Dispersed Alignment Pattern,787,Dispersed Alignment,feature-extraction,Downstream First,transformers,0,Matured-Families
nickprock,nickprock_sentence-bert,nielsr_transformer,1,Rare Disjoing pattern,372,Rare Disjoing,sentence-similarity,Downstream First,sentence-transformers,110.696192,Intermediate-Families
nielsr,nielsr_transformer,nlpaueb_legal-bert,2,Dispersed Alignment Pattern,483,Dispersed Alignment,"feature-extraction,token-classification",Upstream First,transformers,242.3235915,Matured-Families
nlpaueb,nlpaueb_legal-bert,nomic-ai_gpt4all,1,Sporadic Disjoint Pattern,589,Sporadic Disjoint,fill-mask,Upstream First,transformers,0,Matured-Families
nomic-ai,nomic-ai_gpt4all,nomic-ai_nomic,1,Rare Alignment Pattern,257,Rare Alignment,text-generation,Upstream First,transformers,0,Intermediate-Families
nomic-ai,nomic-ai_nomic,NousResearch_Hermes-2,4,Dispersed Alignment Pattern,221.75,Dispersed Alignment,sentence-similarity,Downstream First,"sentence-transformers,nan",1872.663264,Intermediate-Families
NousResearch,NousResearch_Hermes-2,NousResearch_subnet,8,Dispersed Alignment Pattern,126,Dispersed Alignment,text-generation,Downstream First,transformers,19124.11149,Intermediate-Families
NousResearch,NousResearch_subnet,NousResearch_Yarn-Mistral,2,Rare Alignment Pattern,13,Rare Alignment,text-generation,Upstream First,transformers,26972.40167,Recent-Families
NousResearch,NousResearch_Yarn-Mistral,obi_deid_roberta,1,Rare Alignment Pattern,2,Rare Alignment,text-generation,Upstream First,transformers,7000,Recent-Families
obi,obi_deid_roberta,oliverguhr_fullstop,1,Sparse Alignment Pattern,187,Sparse Alignment,token-classification,No Lag,transformers,0,Intermediate-Families
oliverguhr,oliverguhr_fullstop,oliverguhr_german-sentiment,1,Dispersed Alignment Pattern,723,Dispersed Alignment,token-classification,Upstream First,transformers,558.847496,Matured-Families
oliverguhr,oliverguhr_german-sentiment,openai-community_gpt2,1,Dispersed Alignment Pattern,1036,Dispersed Alignment,text-classification,Upstream First,transformers,109.083651,Matured-Families
openai-community,openai-community_gpt2,openai-community_openai,4,Dispersed Alignment Pattern,1695.75,Dispersed Alignment,text-generation,No Lag,transformers,362.11776,Matured-Families
openai-community,openai-community_openai,openai-community_roberta,1,Sporadic Disjoint Pattern,1867,Sporadic Disjoint,text-generation,Upstream First,transformers,1607.942848,Matured-Families
openai-community,openai-community_roberta,openbmb_MiniCPM,2,Dispersed Alignment Pattern,1590.5,Dispersed Alignment,text-classification,Upstream First,transformers,240.824578,Matured-Families
openbmb,openbmb_MiniCPM,openchat_openchat,1,Intermittent Alignment Pattern,213,Intermittent Alignment,text-generation,No Lag,transformers,2724.880896,Intermediate-Families
openchat,openchat_openchat,openlm-research_open_llama,5,Dispersed Alignment Pattern,116.2,Dispersed Alignment,text-generation,Upstream First,transformers,6910.287821,Recent-Families
openlm-research,openlm-research_open_llama,Open-Orca_OpenOrca,4,Rare Alignment Pattern,4.25,Rare Alignment,text-generation,Upstream First,transformers,5000,Recent-Families
Open-Orca,Open-Orca_OpenOrca,orgcatorg_xlm-v,2,Rare Alignment Pattern,46,Rare Alignment,text-generation,Upstream First,transformers,10000,Recent-Families
orgcatorg,orgcatorg_xlm-v,owkin_phikon,1,Rare Disjoing pattern,13,Rare Disjoing,token-classification,Upstream First,transformers,777.907975,Recent-Families
owkin,owkin_phikon,pdelobelle_robbert-v2,1,Dispersed Alignment Pattern,370,Dispersed Alignment,feature-extraction,Upstream First,transformers,86.389248,Intermediate-Families
pdelobelle,pdelobelle_robbert-v2,persiannlp_mt5,1,Dispersed Alignment Pattern,1169,Dispersed Alignment,fill-mask,Upstream First,transformers,116.804162,Matured-Families
persiannlp,persiannlp_mt5,PlanTL-GOB-ES_roberta,1,Sparse Alignment Pattern,199,Sparse Alignment,text2text-generation,Upstream First,transformers,0,Intermediate-Families
PlanTL-GOB-ES,PlanTL-GOB-ES_roberta,princeton-nlp_Sheared,1,Dispersed Alignment Pattern,469,Dispersed Alignment,fill-mask,Upstream First,transformers,0,Matured-Families
princeton-nlp,princeton-nlp_Sheared,princeton-nlp_sup-simcse,1,Intermittent Alignment Pattern,105,Intermittent Alignment,text-generation,No Lag,transformers,1300,Recent-Families
princeton-nlp,princeton-nlp_sup-simcse,prithivida_grammar,4,Sparse Alignment Pattern,165.25,Sparse Alignment,feature-extraction,No Lag,transformers,0,Intermediate-Families
prithivida,prithivida_grammar,prithivida_parrot,1,Sparse Alignment Pattern,14,Sparse Alignment,text2text-generation,Downstream First,transformers,0,Recent-Families
prithivida,prithivida_parrot,ProsusAI_finbert,3,Sparse Alignment Pattern,12.66666667,Sparse Alignment,"text2text-generation,text-classification",Downstream First,transformers,0,Recent-Families
ProsusAI,ProsusAI_finbert,protectai_deberta,1,Dispersed Alignment Pattern,880,Dispersed Alignment,text-classification,Upstream First,transformers,0,Matured-Families
protectai,protectai_deberta,protectai_llm-guard,2,Dispersed Alignment Pattern,93,Dispersed Alignment,text-classification,Upstream First,transformers,0,Recent-Families
protectai,protectai_llm-guard,PrunaAI_MaziyarPanahi,4,Intermittent Alignment Pattern,82,Intermittent Alignment,"token-classification,text-classification",Upstream First,transformers,112.7418255,Recent-Families
PrunaAI,PrunaAI_MaziyarPanahi,pszemraj_long-t5,1,Dispersed Alignment Pattern,98,Dispersed Alignment,text-generation,Upstream First,transformers,1984.69632,Recent-Families
pszemraj,pszemraj_long-t5,Qwen_CodeQwen,1,Dispersed Alignment Pattern,818,Dispersed Alignment,summarization,Downstream First,transformers,247.587456,Matured-Families
Qwen,Qwen_CodeQwen,Qwen_Qwen,2,Rare Alignment Pattern,11,Rare Alignment,text-generation,No Lag,"transformers,nan",7721.324544,Recent-Families
Qwen,Qwen_Qwen,Qwen_Qwen1,4,Dense Partial Alignment Pattern,168.75,Dense Partial Alignment,text-generation,Upstream First,transformers,39811.10208,Intermediate-Families
Qwen,Qwen_Qwen1,Qwen_Qwen2,22,Dispersed Alignment Pattern,71.04545455,Dispersed Alignment,text-generation,Downstream First,"transformers,nan",16344.36421,Recent-Families
Qwen,Qwen_Qwen2,Qwen_Qwen-Audio,13,Rare Alignment Pattern,74.38461538,Rare Alignment,text-generation,Upstream First,"transformers,nan",21694.47097,Recent-Families
Qwen,Qwen_Qwen-Audio,Qwen_Qwen-VL,1,Rare Alignment Pattern,355,Rare Alignment,text-generation,Upstream First,transformers,8396.222464,Intermediate-Families
Qwen,Qwen_Qwen-VL,rinna_japanese-clip,1,Frequent Alignment Pattern,158,Frequent Alignment,text-generation,No Lag,transformers,0,Intermediate-Families
rinna,rinna_japanese-clip,rinna_japanese-gpt,1,Dispersed Alignment Pattern,815,Dispersed Alignment,feature-extraction,No Lag,transformers,196.612352,Matured-Families
rinna,rinna_japanese-gpt,Salesforce_ctrl,3,Sporadic Disjoint Pattern,337,Sporadic Disjoint,text-generation,Upstream First,transformers,5182.248789,Intermediate-Families
Salesforce,Salesforce_ctrl,SamLowe_roberta,1,Dispersed Alignment Pattern,1593,Dispersed Alignment,text-generation,Upstream First,transformers,0,Matured-Families
SamLowe,SamLowe_roberta,SCUT-DLVCLab_lilt-roberta,1,Sparse Alignment Pattern,383,Sparse Alignment,text-classification,Downstream First,transformers,124.667678,Intermediate-Families
SCUT-DLVCLab,SCUT-DLVCLab_lilt-roberta,SeaLLMs_SeaLLM,1,Rare Disjoing pattern,335,Rare Disjoing,feature-extraction,Upstream First,transformers,130.755522,Intermediate-Families
SeaLLMs,SeaLLMs_SeaLLM,setu4993_LaBSE,1,Dispersed Alignment Pattern,99,Dispersed Alignment,text-generation,Upstream First,transformers,8537.680896,Recent-Families
setu4993,setu4993_LaBSE,seyonec_ChemBERTa,1,Dispersed Alignment Pattern,1011,Dispersed Alignment,sentence-similarity,Downstream First,transformers,470.92736,Matured-Families
seyonec,seyonec_ChemBERTa,shenzhi-wang_Llama3,1,Dispersed Alignment Pattern,408,Dispersed Alignment,fill-mask,No Lag,transformers,0,Intermediate-Families
shenzhi-wang,shenzhi-wang_Llama3,shhossain_opus-mt,3,Dispersed Alignment Pattern,72.33333333,Dispersed Alignment,text-generation,No Lag,transformers,8010.087083,Recent-Families
shhossain,shhossain_opus-mt,shibing624_text2vec,1,Sparse Alignment Pattern,161,Sparse Alignment,translation,No Lag,transformers,75.821376,Intermediate-Families
shibing624,shibing624_text2vec,sileod_deberta,2,Dispersed Alignment Pattern,715.5,Dispersed Alignment,sentence-similarity,Downstream First,sentence-transformers,109.961216,Matured-Families
sileod,sileod_deberta,smallcloudai_Refact,2,Dispersed Alignment Pattern,394,Dispersed Alignment,zero-shot-classification,Upstream First,transformers,163.161091,Intermediate-Families
smallcloudai,smallcloudai_Refact,Snowflake_snowflake,1,Intermittent Alignment Pattern,71,Intermittent Alignment,text-generation,Upstream First,transformers,1585.842176,Recent-Families
Snowflake,Snowflake_snowflake,snrspeaks_KeyPhraseTransformer,6,Dispersed Alignment Pattern,129,Dispersed Alignment,"sentence-similarity,text-generation",No Lag,"sentence-transformers,transformers",79870.01699,Intermediate-Families
snrspeaks,snrspeaks_KeyPhraseTransformer,snrspeaks_t5-summary,1,Rare Alignment Pattern,0,Rare Alignment,text2text-generation,No Lag,transformers,0,Recent-Families
snrspeaks,snrspeaks_t5-summary,snunlp_KR-ELECTRA,1,Rare Alignment Pattern,4,Rare Alignment,text2text-generation,Upstream First,transformers,0,Recent-Families
snunlp,snunlp_KR-ELECTRA,snunlp_KR-SBERT,1,Sparse Alignment Pattern,81,Sparse Alignment,fill-mask,No Lag,transformers,0,Recent-Families
snunlp,snunlp_KR-SBERT,stabilityai_japanese-stablelm,1,Sparse Alignment Pattern,112,Sparse Alignment,sentence-similarity,Upstream First,sentence-transformers,0,Recent-Families
stabilityai,stabilityai_japanese-stablelm,stabilityai_StableBeluga,1,Sparse Alignment Pattern,100,Sparse Alignment,text-generation,Downstream First,transformers,6738.417664,Recent-Families
stabilityai,stabilityai_StableBeluga,stabilityai_stable-code,2,Rare Disjoing pattern,33,Rare Disjoing,text-generation,Upstream First,transformers,10128.79949,Recent-Families
stabilityai,stabilityai_stable-code,stabilityai_stablelm,1,Dispersed Alignment Pattern,183,Dispersed Alignment,text-generation,Upstream First,transformers,2795.4432,Intermediate-Families
stabilityai,stabilityai_stablelm,stanfordnlp_stanza,5,Dispersed Alignment Pattern,161.8,Dispersed Alignment,text-generation,Upstream First,transformers,4204.620595,Intermediate-Families
stanfordnlp,stanfordnlp_stanza,starmpcc_Asclepius,1,Frequent Alignment Pattern,1147,Frequent Alignment,token-classification,Upstream First,stanza,0,Matured-Families
starmpcc,starmpcc_Asclepius,Supabase_gte,1,Rare Alignment Pattern,113,Rare Alignment,text2text-generation,Upstream First,transformers,7000,Recent-Families
Supabase,Supabase_gte,swap-uniba_LLaMAntino,1,Intermittent Alignment Pattern,229,Intermittent Alignment,feature-extraction,Upstream First,transformers.js,0,Intermediate-Families
swap-uniba,swap-uniba_LLaMAntino,taide_TAIDE,1,Dispersed Alignment Pattern,70,Dispersed Alignment,text-generation,No Lag,transformers,8030.261248,Recent-Families
taide,taide_TAIDE,teknium_OpenHermes,2,Sparse Alignment Pattern,18.5,Sparse Alignment,text-generation,No Lag,transformers,7482.904576,Recent-Families
teknium,teknium_OpenHermes,TencentGameMate_chinese-hubert,1,Rare Disjoing pattern,21,Rare Disjoing,text-generation,Downstream First,transformers,7000,Recent-Families
TencentGameMate,TencentGameMate_chinese-hubert,textattack_textattack,1,Sparse Alignment Pattern,21,Sparse Alignment,feature-extraction,No Lag,transformers,0,Recent-Families
textattack,textattack_textattack,THUDM_cogvlm,15,Sparse Alignment Pattern,293,Sparse Alignment,"text-classification,fill-mask",Upstream First,transformers,8.349184133,Intermediate-Families
THUDM,THUDM_cogvlm,THUDM_cogvlm2,1,Rare Disjoing pattern,32,Rare Disjoing,text-generation,Upstream First,transformers,19503.10733,Recent-Families
THUDM,THUDM_cogvlm2,TIGER-Lab_MAmmoTH2,1,Intermittent Alignment Pattern,110,Intermittent Alignment,text-generation,No Lag,transformers,17639.68742,Recent-Families
TIGER-Lab,TIGER-Lab_MAmmoTH2,TinyLlama_TinyLlama,1,Rare Alignment Pattern,15,Rare Alignment,text-generation,No Lag,transformers,8030.261248,Recent-Families
TinyLlama,TinyLlama_TinyLlama,tner_roberta,7,Dispersed Alignment Pattern,74.57142857,Dispersed Alignment,text-generation,No Lag,transformers,942.9003703,Recent-Families
tner,tner_roberta,togethercomputer_GPT,1,Rare Alignment Pattern,45,Rare Alignment,token-classification,Upstream First,transformers,0,Recent-Families
togethercomputer,togethercomputer_GPT,togethercomputer_Llama,1,Sporadic Disjoint Pattern,60,Sporadic Disjoint,text-generation,Downstream First,transformers,7000,Recent-Families
togethercomputer,togethercomputer_Llama,togethercomputer_StripedHyena,2,Dispersed Alignment Pattern,238.5,Dispersed Alignment,text-generation,Downstream First,transformers,6226.390624,Intermediate-Families
togethercomputer,togethercomputer_StripedHyena,tohoku-nlp_japanese_bert,2,Dispersed Alignment Pattern,192,Dispersed Alignment,text-generation,No Lag,transformers,7000,Intermediate-Families
tohoku-nlp,tohoku-nlp_japanese_bert,tomaarsen_span-marker,6,Dispersed Alignment Pattern,996.6666667,Dispersed Alignment,fill-mask,Upstream First,transformers,0,Matured-Families
tomaarsen,tomaarsen_span-marker,transfo-xl_transfo,1,Sparse Alignment Pattern,36,Sparse Alignment,token-classification,Upstream First,span-marker,177.88008,Recent-Families
transfo-xl,transfo-xl_transfo,tsmatz_xlm-roberta,1,Dispersed Alignment Pattern,1447,Dispersed Alignment,text-generation,Upstream First,transformers,0,Matured-Families
tsmatz,tsmatz_xlm-roberta,T-Systems-onsite_sentence-transformer,1,Dispersed Alignment Pattern,705,Dispersed Alignment,token-classification,No Lag,transformers,277.460491,Matured-Families
T-Systems-onsite,T-Systems-onsite_sentence-transformer,tugstugi_mongolian-bert,1,Sporadic Disjoint Pattern,1423,Sporadic Disjoint,feature-extraction,Upstream First,transformers,278.044162,Matured-Families
tugstugi,tugstugi_mongolian-bert,tuner007_pegasus_paraphrase,4,Rare Disjoing pattern,63,Rare Disjoing,fill-mask,Upstream First,transformers,0,Recent-Families
tuner007,tuner007_pegasus_paraphrase,TurkuNLP_bert,1,Sparse Alignment Pattern,190,Sparse Alignment,text2text-generation,No Lag,transformers,0,Intermediate-Families
TurkuNLP,TurkuNLP_bert,unitary_detoxify,1,Sporadic Disjoint Pattern,1526,Sporadic Disjoint,fill-mask,Upstream First,transformers,125.165755,Matured-Families
unitary,unitary_detoxify,unsloth_unsloth-models,2,Dispersed Alignment Pattern,1108.5,Dispersed Alignment,text-classification,Upstream First,transformers,54.743683,Matured-Families
unsloth,unsloth_unsloth-models,unum-cloud_uform3,17,Intermittent Alignment Pattern,194.0588235,Intermittent Alignment,text-generation,No Lag,transformers,3986.229411,Intermediate-Families
unum-cloud,unum-cloud_uform3,upskyy_kf-deberta,1,Rare Alignment Pattern,10,Rare Alignment,feature-extraction,Upstream First,transformers,0,Recent-Families
upskyy,upskyy_kf-deberta,urchade_gliner-models,1,Rare Alignment Pattern,0,Rare Alignment,sentence-similarity,No Lag,sentence-transformers,185.290752,Recent-Families
urchade,urchade_gliner-models,uw-madison_mra-model,6,Intermittent Alignment Pattern,55.5,Intermittent Alignment,token-classification,Upstream First,gliner,109.1118507,Recent-Families
uw-madison,uw-madison_mra-model,valhalla_mnli-model,1,Rare Disjoing pattern,17,Rare Disjoing,fill-mask,Upstream First,transformers,512,Recent-Families
valhalla,valhalla_mnli-model,valhalla_t5-models,3,Dispersed Alignment Pattern,299,Dispersed Alignment,"question-answering,zero-shot-classification",Downstream First,transformers,0,Intermediate-Families
valhalla,valhalla_t5-models,Vamsi_T5_Paraphrase,1,Sparse Alignment Pattern,353,Sparse Alignment,text2text-generation,No Lag,transformers,0,Intermediate-Families
Vamsi,Vamsi_T5_Paraphrase,vectara_hallucination,1,Dispersed Alignment Pattern,1058,Dispersed Alignment,text-generation,No Lag,transformers,222.903936,Matured-Families
vectara,vectara_hallucination,whaleloops_phrase-bert,1,Frequent Alignment Pattern,370,Frequent Alignment,text-classification,No Lag,transformers,109.630082,Intermediate-Families
whaleloops,whaleloops_phrase-bert,wonrax_phobert,1,Rare Disjoing pattern,0,Rare Disjoing,sentence-similarity,Downstream First,sentence-transformers,0,Recent-Families
wonrax,wonrax_phobert,wukevin_tcr-bert,1,Rare Alignment Pattern,0,Rare Alignment,text-classification,No Lag,transformers,0,Recent-Families
wukevin,wukevin_tcr-bert,wxjiao_alpaca,1,Sparse Alignment Pattern,94,Sparse Alignment,text-classification,Downstream First,transformers,0,Recent-Families
wxjiao,wxjiao_alpaca,xlnet_xlnet,1,Rare Alignment Pattern,15,Rare Alignment,text-generation,No Lag,transformers,7000,Recent-Families
xlnet,xlnet_xlnet,yahma_llama,2,Dispersed Alignment Pattern,1300.5,Dispersed Alignment,text-generation,No Lag,transformers,0,Matured-Families
yahma,yahma_llama,yangheng_absa-model,1,Rare Disjoing pattern,0,Rare Disjoing,text-generation,Upstream First,transformers,7000,Recent-Families
yangheng,yangheng_absa-model,YituTech_conv-bert,1,Dispersed Alignment Pattern,774,Dispersed Alignment,text-classification,Upstream First,transformers,184.424963,Matured-Families
YituTech,YituTech_conv-bert,,1,Rare Disjoing pattern,34,Rare Disjoing,feature-extraction,Upstream First,transformers,0,Recent-Families
